{
  "Name": "Ward SP foil PVC",
  "Unit": {
    "L": 1.0,
    "T": 1.0,
    "F": 1.0
  },
  "shear center location": {
    "x": [
      0.0297,
      0.0297,
      0.0297,
      0.0297,
      0.0297,
      0.0297,
      0.0297,
      0.0297,
      0.0297,
      0.0297,
      0.0297,
      0.0297,
      0.0297,
      0.0297,
      0.0297,
      0.0297,
      0.0297,
      0.0297,
      0.0297,
      0.0297,
      0.0297,
      0.0297,
      0.0297,
      0.0297,
      0.0297,
      0.0297,
      0.0297,
      0.0297,
      0.0297,
      0.0297,
      0.0297,
      0.0297,
      0.0297,
      0.0297,
      0.0297,
      0.0297,
      0.0297,
      0.0297,
      0.0297,
      0.0297
    ],
    "y": [
      0,
      0,
      0,
      0,
      0,
      0,
      0,
      0,
      0,
      0,
      0,
      0,
      0,
      0,
      0,
      0,
      0,
      0,
      0,
      0,
      0,
      0,
      0,
      0,
      0,
      0,
      0,
      0,
      0,
      0,
      0,
      0,
      0,
      0,
      0,
      0,
      0,
      0,
      0,
      0
    ],
    "z": [
      0,
      0.023446154,
      0.046892308,
      0.070338462,
      0.093784615,
      0.117230769,
      0.140676923,
      0.164123077,
      0.187569231,
      0.211015385,
      0.234461538,
      0.257907692,
      0.281353846,
      0.3048,
      0.328246154,
      0.351692308,
      0.375138462,
      0.398584615,
      0.422030769,
      0.445476923,
      0.468923077,
      0.492369231,
      0.515815385,
      0.539261538,
      0.562707692,
      0.586153846,
      0.6096,
      0.633046154,
      0.656492308,
      0.679938462,
      0.703384615,
      0.726830769,
      0.750276923,
      0.773723077,
      0.797169231,
      0.820615385,
      0.844061538,
      0.867507692,
      0.890953846,
      0.9144
    ]
  },
  "cg location": {
    "x": [
      0.0048,
      0.0048,
      0.0048,
      0.0048,
      0.0048,
      0.0048,
      0.0048,
      0.0048,
      0.0048,
      0.0048,
      0.0048,
      0.0048,
      0.0048,
      0.0048,
      0.0048,
      0.0048,
      0.0048,
      0.0048,
      0.0048,
      0.0048,
      0.0048,
      0.0048,
      0.0048,
      0.0048,
      0.0048,
      0.0048,
      0.0048,
      0.0048,
      0.0048,
      0.0048,
      0.0048,
      0.0048,
      0.0048,
      0.0048,
      0.0048,
      0.0048,
      0.0048,
      0.0048,
      0.0048,
      0.0048
    ],
    "y": [
      0,
      0,
      0,
      0,
      0,
      0,
      0,
      0,
      0,
      0,
      0,
      0,
      0,
      0,
      0,
      0,
      0,
      0,
      0,
      0,
      0,
      0,
      0,
      0,
      0,
      0,
      0,
      0,
      0,
      0,
      0,
      0,
      0,
      0,
      0,
      0,
      0,
      0,
      0,
      0
    ],
    "z": [
      0,
      0.023446154,
      0.046892308,
      0.070338462,
      0.093784615,
      0.117230769,
      0.140676923,
      0.164123077,
      0.187569231,
      0.211015385,
      0.234461538,
      0.257907692,
      0.281353846,
      0.3048,
      0.328246154,
      0.351692308,
      0.375138462,
      0.398584615,
      0.422030769,
      0.445476923,
      0.468923077,
      0.492369231,
      0.515815385,
      0.539261538,
      0.562707692,
      0.586153846,
      0.6096,
      0.633046154,
      0.656492308,
      0.679938462,
      0.703384615,
      0.726830769,
      0.750276923,
      0.773723077,
      0.797169231,
      0.820615385,
      0.844061538,
      0.867507692,
      0.890953846,
      0.9144
    ]
  },
  "EI": [
    1239.84,
    1239.84,
    1239.84,
    1239.84,
    1239.84,
    1239.84,
    1239.84,
    1239.84,
    1239.84,
    1239.84,
    1239.84,
    1239.84,
    1239.84,
    1239.84,
    1239.84,
    1239.84,
    1239.84,
    1239.84,
    1239.84,
    1239.84,
    1239.84,
    1239.84,
    1239.84,
    1239.84,
    1239.84,
    1239.84,
    1239.84,
    1239.84,
    1239.84,
    1239.84,
    1239.84,
    1239.84,
    1239.84,
    1239.84,
    1239.84,
    1239.84,
    1239.84,
    1239.84,
    1239.84,
    1239.84
  ],
  "GJ": [
    2030,
    2030,
    2030,
    2030,
    2030,
    2030,
    2030,
    2030,
    2030,
    2030,
    2030,
    2030,
    2030,
    2030,
    2030,
    2030,
    2030,
    2030,
    2030,
    2030,
    2030,
    2030,
    2030,
    2030,
    2030,
    2030,
    2030,
    2030,
    2030,
    2030,
    2030,
    2030,
    2030,
    2030,
    2030,
    2030,
    2030,
    2030,
    2030,
    2030
  ],
  "EA": [
    26285952,
    26285952,
    26285952,
    26285952,
    26285952,
    26285952,
    26285952,
    26285952,
    26285952,
    26285952,
    26285952,
    26285952,
    26285952,
    26285952,
    26285952,
    26285952,
    26285952,
    26285952,
    26285952,
    26285952,
    26285952,
    26285952,
    26285952,
    26285952,
    26285952,
    26285952,
    26285952,
    26285952,
    26285952,
    26285952,
    26285952,
    26285952,
    26285952,
    26285952,
    26285952,
    26285952,
    26285952,
    26285952,
    26285952,
    26285952
  ],
  "EInn": [
    1239841,
    1239841,
    1239841,
    1239841,
    1239841,
    1239841,
    1239841,
    1239841,
    1239841,
    1239841,
    1239841,
    1239841,
    1239841,
    1239841,
    1239841,
    1239841,
    1239841,
    1239841,
    1239841,
    1239841,
    1239841,
    1239841,
    1239841,
    1239841,
    1239841,
    1239841,
    1239841,
    1239841,
    1239841,
    1239841,
    1239841,
    1239841,
    1239841,
    1239841,
    1239841,
    1239841,
    1239841,
    1239841,
    1239841,
    1239841
  ],
  "Kc": [
    0,
    0,
    0,
    0,
    0,
    0,
    0,
    0,
    0,
    0,
    0,
    0,
    0,
    0,
    0,
    0,
    0,
    0,
    0,
    0,
    0,
    0,
    0,
    0,
    0,
    0,
    0,
    0,
    0,
    0,
    0,
    0,
    0,
    0,
    0,
    0,
    0,
    0,
    0,
    0
  ],
  "msect": [
    10.17016,
    10.17016,
    10.17016,
    10.17016,
    10.17016,
    10.17016,
    10.17016,
    10.17016,
    10.17016,
    10.17016,
    10.17016,
    10.17016,
    10.17016,
    10.17016,
    10.17016,
    10.17016,
    10.17016,
    10.17016,
    10.17016,
    10.17016,
    10.17016,
    10.17016,
    10.17016,
    10.17016,
    10.17016,
    10.17016,
    10.17016,
    10.17016,
    10.17016,
    10.17016,
    10.17016,
    10.17016,
    10.17016,
    10.17016,
    10.17016,
    10.17016,
    10.17016,
    10.17016,
    10.17016,
    10.17016
  ],
  "Im": [
    0.066825036,
    0.066825036,
    0.066825036,
    0.066825036,
    0.066825036,
    0.066825036,
    0.066825036,
    0.066825036,
    0.066825036,
    0.066825036,
    0.066825036,
    0.066825036,
    0.066825036,
    0.066825036,
    0.066825036,
    0.066825036,
    0.066825036,
    0.066825036,
    0.066825036,
    0.066825036,
    0.066825036,
    0.066825036,
    0.066825036,
    0.066825036,
    0.066825036,
    0.066825036,
    0.066825036,
    0.066825036,
    0.066825036,
    0.066825036,
    0.066825036,
    0.066825036,
    0.066825036,
    0.066825036,
    0.066825036,
    0.066825036,
    0.066825036,
    0.066825036,
    0.066825036,
    0.066825036
  ],
  "Swarp": [
    9.159260141,
    9.159260141,
    9.159260141,
    9.159260141,
    9.159260141,
    9.159260141,
    9.159260141,
    9.159260141,
    9.159260141,
    9.159260141,
    9.159260141,
    9.159260141,
    9.159260141,
    9.159260141,
    9.159260141,
    9.159260141,
    9.159260141,
    9.159260141,
    9.159260141,
    9.159260141,
    9.159260141,
    9.159260141,
    9.159260141,
    9.159260141,
    9.159260141,
    9.159260141,
    9.159260141,
    9.159260141,
    9.159260141,
    9.159260141,
    9.159260141,
    9.159260141,
    9.159260141,
    9.159260141,
    9.159260141,
    9.159260141,
    9.159260141,
    9.159260141,
    9.159260141,
    9.159260141
  ],
  "chord": [
    0.2794
  ],
  "dCLda": []
}