{
  "Name": "Ward SP foil PVC",
  "Unit": {
    "L": 1.0,
    "T": 1.0,
    "F": 1.0
  },
  "shear center location": {
    "x": [
      0.0297,
      0.0297,
      0.0297,
      0.0297,
      0.0297,
      0.0297,
      0.0297,
      0.0297,
      0.0297,
      0.0297
    ],
    "y": [
      0,
      0,
      0,
      0,
      0,
      0,
      0,
      0,
      0,
      0
    ],
    "z": [
      0,
      0.1016,
      0.2032,
      0.3048,
      0.4064,
      0.508,
      0.6096,
      0.7112,
      0.8128,
      0.9144
    ]
  },
  "cg location": {
    "x": [
      0.0048,
      0.0048,
      0.0048,
      0.0048,
      0.0048,
      0.0048,
      0.0048,
      0.0048,
      0.0048,
      0.0048
    ],
    "y": [
      0,
      0,
      0,
      0,
      0,
      0,
      0,
      0,
      0,
      0
    ],
    "z": [
      0,
      0.1016,
      0.2032,
      0.3048,
      0.4064,
      0.508,
      0.6096,
      0.7112,
      0.8128,
      0.9144
    ]
  },
  "EI": [
    1239.84,
    1239.84,
    1239.84,
    1239.84,
    1239.84,
    1239.84,
    1239.84,
    1239.84,
    1239.84,
    1239.84
  ],
  "GJ": [
    2030,
    2030,
    2030,
    2030,
    2030,
    2030,
    2030,
    2030,
    2030,
    2030
  ],
  "EA": [
    26285952,
    26285952,
    26285952,
    26285952,
    26285952,
    26285952,
    26285952,
    26285952,
    26285952,
    26285952
  ],
  "EInn": [
    1239841,
    1239841,
    1239841,
    1239841,
    1239841,
    1239841,
    1239841,
    1239841,
    1239841,
    1239841
  ],
  "Kc": [
    0,
    0,
    0,
    0,
    0,
    0,
    0,
    0,
    0,
    0
  ],
  "msect": [
    10.17016,
    10.17016,
    10.17016,
    10.17016,
    10.17016,
    10.17016,
    10.17016,
    10.17016,
    10.17016,
    10.17016
  ],
  "Im": [
    0.066825036,
    0.066825036,
    0.066825036,
    0.066825036,
    0.066825036,
    0.066825036,
    0.066825036,
    0.066825036,
    0.066825036,
    0.066825036
  ],
  "Swarp": [
    9.159260141,
    9.159260141,
    9.159260141,
    9.159260141,
    9.159260141,
    9.159260141,
    9.159260141,
    9.159260141,
    9.159260141,
    9.159260141
  ],
  "chord": [
    0.2794
  ],
  "dCLda": []
}